"","X1.4","pid","clevergroupname","yhat","lower","upper"
"1",1,"1000","DTL",136820.086091696,113078.07245952,165547.002623701
"2",2,"12824","DTL",294119.778694723,242762.719833804,356341.551448491
"3",3,"12773","DTL",514882.419015066,425370.878752579,623230.029728965
"4",4,"19128","DTL",96686.5443404208,79886.1915760383,117020.071580132
